Date, Close/Last, Volume, Open, High, Low
07/24/2020, $18.9, 66998, $19.45, $19.63, $18.77
07/23/2020, $19.4, 390798, $18.92, $19.61, $18.81
07/22/2020, $18.75, 99935, $18.43, $18.815, $18.32
07/21/2020, $18.58, 113291, $18.3, $18.82, $18.0901
07/20/2020, $18.08, 130493, $18.39, $18.435, $17.79
07/17/2020, $18.56, 90419, $18.96, $19.05, $18.46
07/16/2020, $18.95, 124140, $18.65, $19.03, $18.47
07/15/2020, $18.73, 151701, $18.34, $18.98, $18.34
07/14/2020, $18.08, 98302, $17.94, $18.18, $17.75
07/13/2020, $17.85, 172909, $17.88, $18.39, $17.75
07/10/2020, $17.57, 82989, $17.08, $17.58, $17.08
07/09/2020, $17.11, 175701, $17.49, $17.57, $16.7401
07/08/2020, $17.6, 186437, $17.82, $17.82, $17.4
07/07/2020, $17.85, 198351, $17.67, $17.995, $17.4744
07/06/2020, $17.92, 126811, $18.15, $18.15, $17.58
07/02/2020, $17.66, 91404, $18.18, $18.35, $17.57
07/01/2020, $17.82, 133264, $18.14, $18.21, $17.63
06/30/2020, $18.12, 181499, $18.09, $18.73, $17.97
06/29/2020, $18.25, 140277, $18.01, $18.45, $17.81
06/26/2020, $17.77, 229131, $17.8, $17.8999, $17.43
06/25/2020, $18.02, 127272, $18.06, $18.06, $17.67
06/24/2020, $18.11, 160743, $18.48, $18.54, $18.08
06/23/2020, $18.67, 91857, $19.22, $19.22, $18.64
06/22/2020, $18.98, 203138, $19.26, $19.26, $18.5401
06/19/2020, $19.12, 213062, $19.36, $19.39, $18.66
06/18/2020, $19.17, 156041, $18.83, $19.28, $18.83
06/17/2020, $18.99, 98950, $19.45, $19.45, $18.82
06/16/2020, $19.46, 166975, $19.5, $19.63, $18.79
06/15/2020, $19.12, 141152, $18.33, $19.42, $18.21
06/12/2020, $18.74, 163293, $19.08, $19.1032, $18.08
06/11/2020, $18.37, 202791, $18.99, $19.08, $18.2827
06/10/2020, $19.67, 119128, $20.39, $20.84, $19.6
06/09/2020, $20.24, 178103, $20.51, $20.63, $19.67
06/08/2020, $20.89, 146814, $20.17, $20.99, $19.96
06/05/2020, $19.8, 156508, $19.6, $20.015, $19.54
06/04/2020, $19.3, 140112, $19.9, $19.9, $19
06/03/2020, $19.92, 213936, $19.09, $20.09, $19.04
06/02/2020, $18.67, 199559, $18.37, $18.91, $18.32
06/01/2020, $18.37, 178286, $18.92, $18.93, $18.35
05/29/2020, $18.72, 178489, $18.26, $18.78, $18.135
05/28/2020, $18.52, 119402, $19.15, $19.32, $18.4
05/27/2020, $18.94, 121051, $18.49, $19.16, $17.96
05/26/2020, $18.46, 148549, $19.07, $19.285, $18.43
05/22/2020, $18.49, 155560, $18.73, $18.97, $18.225
05/21/2020, $18.6, 267021, $19.2, $19.22, $18.3301
05/20/2020, $19.27, 646768, $17.36, $19.98, $17.3
05/19/2020, $15.79, 286762, $15.4, $16.3888, $15.27
05/18/2020, $15.32, 138424, $14.95, $15.52, $14.78
05/15/2020, $14.38, 107145, $14.24, $14.45, $14.11
05/14/2020, $14.27, 194120, $14.11, $14.32, $13.838
05/13/2020, $14.47, 491153, $15.36, $15.5, $14.26
05/12/2020, $15.5, 165925, $15.83, $15.88, $15.48
05/11/2020, $15.84, 170868, $15.98, $16.02, $15.47
05/08/2020, $15.86, 127963, $15.6, $15.98, $15.3
05/07/2020, $15.27, 179135, $15.28, $15.3895, $14.93
05/06/2020, $15.01, 201577, $15, $15.32, $14.88
05/05/2020, $14.77, 190811, $15.1, $15.44, $14.66
05/04/2020, $14.77, 187029, $14.6, $15.04, $14.2444
05/01/2020, $14.81, 153574, $14.7, $15.065, $14.6
04/30/2020, $15.02, 653312, $16.78, $16.83, $14.55
04/29/2020, $17.28, 279577, $16.19, $17.35, $16.15
04/28/2020, $15.91, 145305, $15.5, $15.95, $15.3
04/27/2020, $15.11, 364802, $14.75, $15.41, $14.75
04/24/2020, $14.75, 87415, $15.14, $15.16, $14.68
04/23/2020, $14.99, 93677, $14.97, $15.22, $14.75
04/22/2020, $14.83, 113573, $15.08, $15.08, $14.62
04/21/2020, $14.85, 188420, $14.71, $15.1, $14.34
04/20/2020, $15.21, 161034, $14.67, $15.41, $14.43
04/17/2020, $14.96, 227197, $14.07, $15.12, $14.05
04/16/2020, $13.8, 203414, $14.56, $14.59, $13.54
04/15/2020, $14.49, 188294, $15.07, $15.405, $14.23
04/14/2020, $15.4, 231128, $15.7, $15.89, $15
04/13/2020, $15.19, 135369, $15.66, $15.7776, $15.01
04/09/2020, $15.72, 164869, $15.33, $15.8794, $15.2585
04/08/2020, $15.08, 225038, $14.88, $15.47, $14.61
04/07/2020, $14.73, 383362, $14.51, $15.1633, $14.41
04/06/2020, $14.23, 413074, $14.22, $14.805, $13.71
04/03/2020, $13.96, 146939, $14.99, $15.11, $13.92
04/02/2020, $14.9, 170792, $15.4, $15.87, $14.62
04/01/2020, $15.72, 189410, $15.95, $16.38, $15.3589
03/31/2020, $16.15, 237966, $17.82, $17.85, $16.02
03/30/2020, $17.09, 380166, $16.26, $17.935, $15.96
03/27/2020, $15.51, 260382, $14.04, $15.75, $13.6044
03/26/2020, $14.24, 247461, $14.81, $15.3884, $14.02
03/25/2020, $14.74, 181309, $15.05, $15.67, $14.58
03/24/2020, $14.99, 150098, $14.6, $15.13, $13.93
03/23/2020, $14.1, 269179, $15.93, $16.68, $14.05
03/20/2020, $15.46, 272826, $15.34, $16.74, $15.34
03/19/2020, $15.17, 247405, $16.62, $18.1526, $14.91
03/18/2020, $16.17, 340283, $15.13, $16.67, $14.92
03/17/2020, $15.63, 189046, $14.35, $16.1, $14.08
03/16/2020, $14.07, 195670, $15.47, $16, $14.005
03/13/2020, $16.78, 278344, $16.21, $17.1, $15.61
03/12/2020, $15.71, 200325, $16.4, $17.55, $15.67
03/11/2020, $17.33, 143620, $18.43, $18.5, $16.92
03/10/2020, $18.83, 337114, $19.62, $19.94, $18.23
03/09/2020, $19.3, 176194, $20.03, $20.32, $19.1
03/06/2020, $20.6, 153946, $20.49, $20.94, $20.17
03/05/2020, $20.9, 161164, $20.35, $21.12, $20.24
03/04/2020, $20.3, 182311, $19.7, $20.37, $19.45
03/03/2020, $19.55, 200297, $20.23, $20.4, $19.33
03/02/2020, $20.3, 167323, $21.25, $21.377, $20.08
02/28/2020, $21.15, 192684, $20.5, $21.19, $20.5
02/27/2020, $20.83, 202694, $21.09, $21.5, $20.64
02/26/2020, $21.1, 186770, $20.48, $21.23, $20.32
02/25/2020, $20.31, 204501, $20.5, $20.7, $20.19
02/24/2020, $20.53, 137458, $21.45, $21.56, $20.37
02/21/2020, $21.9, 182671, $21.94, $22.02, $21.33
02/20/2020, $22.2, 359704, $24.5, $25, $21.25
02/19/2020, $25, 153271, $24.46, $25.46, $24.46
02/18/2020, $24.42, 44280, $24.55, $24.82, $24.41
02/14/2020, $24.55, 63738, $24.82, $24.82, $24.45
02/13/2020, $24.75, 38514, $24.52, $24.76, $24.38
02/12/2020, $24.41, 51950, $24.77, $24.77, $24.31
02/11/2020, $24.73, 77752, $24.56, $24.895, $24.43
02/10/2020, $24.53, 58786, $23.85, $24.56, $23.85
02/07/2020, $23.91, 45460, $24.4, $24.43, $23.74
02/06/2020, $24.55, 51495, $24.55, $24.66, $24.3
02/05/2020, $24.37, 115660, $24.57, $24.67, $23.825
02/04/2020, $24.36, 89535, $24.13, $24.53, $23.89
02/03/2020, $23.89, 59004, $23.81, $24.06, $23.76
01/31/2020, $23.67, 86353, $24.09, $24.11, $23.5
01/30/2020, $24.15, 103236, $24.09, $24.27, $23.82
01/29/2020, $24.27, 38954, $24.45, $24.46, $24.2194
01/28/2020, $24.46, 35225, $24.5, $24.6, $24.33
01/27/2020, $24.42, 40887, $24.21, $24.65, $24.04
01/24/2020, $24.49, 62651, $24.61, $24.77, $24.23
01/23/2020, $24.45, 69438, $24.94, $24.94, $24.13
01/22/2020, $25.02, 49282, $25.52, $25.7, $24.9
01/21/2020, $25.48, 187315, $25.5, $25.63, $25.3
01/17/2020, $25.69, 84017, $25.99, $25.99, $25.41
01/16/2020, $25.74, 105925, $25.66, $26.11, $25.65
01/15/2020, $25.62, 38521, $25.24, $25.63, $25.23
01/14/2020, $25.31, 47251, $25.12, $25.36, $24.88
01/13/2020, $25.17, 39109, $25.15, $25.25, $25
01/10/2020, $25.2, 60778, $25.06, $25.22, $24.7038
01/09/2020, $25.08, 54690, $25.21, $25.48, $25.05
01/08/2020, $25.28, 66025, $25.2, $25.32, $25.02
01/07/2020, $25.32, 94370, $25.71, $26.04, $25.27
01/06/2020, $25.69, 77603, $25.34, $25.73, $25.16
01/03/2020, $25.43, 81847, $25.06, $25.51, $25
01/02/2020, $25.27, 74309, $25.62, $25.62, $25
12/31/2019, $25.6, 59746, $25.69, $25.92, $25.5235
12/30/2019, $25.73, 68340, $25.7, $25.85, $25.27
12/27/2019, $25.68, 62508, $25.79, $25.85, $25.57
12/26/2019, $25.78, 44071, $26.31, $26.31, $25.66
12/24/2019, $26.29, 34828, $26.23, $26.3, $26.07
12/23/2019, $26.22, 78182, $26.31, $26.39, $25.9
12/20/2019, $26.36, 172646, $26.67, $26.79, $26.21
12/19/2019, $26.74, 82645, $27.23, $27.23, $26.55
12/18/2019, $27.2, 84521, $27.52, $27.52, $26.85
12/17/2019, $27.33, 251296, $27.65, $27.67, $26.91
12/16/2019, $27.72, 139688, $28.39, $28.5, $27.5
12/13/2019, $28.26, 99413, $28.07, $28.28, $27.71
12/12/2019, $27.62, 81624, $27.41, $27.8, $27.34
12/11/2019, $27.48, 96228, $27.2, $27.65, $26.98
12/10/2019, $27.08, 117011, $27.05, $27.53, $26.54
12/09/2019, $27, 153813, $26.15, $27.14, $26.15
12/06/2019, $26.06, 227858, $26.5, $26.71, $25.94
12/05/2019, $26.33, 135383, $26.64, $26.66, $25.89
12/04/2019, $26.49, 221216, $25.68, $26.89, $25.5307
12/03/2019, $25.4, 218969, $24.65, $25.69, $24.53
12/02/2019, $24.35, 78648, $24.08, $24.42, $23.89
11/29/2019, $24.05, 51731, $23.68, $24.26, $23.68
11/27/2019, $23.75, 94652, $24.05, $24.25, $23.73
11/26/2019, $24.05, 81712, $24.02, $24.21, $23.86
11/25/2019, $24.04, 57094, $23.86, $24.335, $23.71
11/22/2019, $23.68, 46815, $24.06, $24.06, $23.67
11/21/2019, $23.99, 182256, $24.31, $24.345, $23.95
11/20/2019, $24.2, 125233, $24.06, $24.33, $24
11/19/2019, $24.13, 107054, $24.2, $24.35, $24.12
11/18/2019, $24.37, 48928, $24.3, $24.42, $24.141
11/15/2019, $24.31, 46903, $24.65, $24.65, $24.21
11/14/2019, $24.5, 63003, $24.45, $24.75, $24.28
11/13/2019, $24.4, 35442, $24.62, $24.66, $24.27
11/12/2019, $24.71, 59377, $24.33, $24.79, $24.27
11/11/2019, $24.3, 62153, $24.66, $24.98, $24.23
11/08/2019, $24.87, 44642, $25.38, $25.5, $24.8
11/07/2019, $25.42, 105776, $24.99, $25.47, $24.68
11/06/2019, $25.04, 80348, $25.49, $25.765, $24.97
11/05/2019, $25.59, 65377, $25.81, $26.13, $25.55
11/04/2019, $25.63, 60168, $26.2, $26.25, $25.43
11/01/2019, $26.3, 86965, $25.76, $26.84, $25.685
10/31/2019, $25.76, 123757, $26.13, $26.27, $25.54
10/30/2019, $26.16, 187072, $26.6, $26.81, $25.63
10/29/2019, $26.56, 555026, $22.9, $26.7, $22.6
10/28/2019, $22.78, 173430, $22.02, $22.93, $22.02
10/25/2019, $22, 114879, $21.59, $22.13, $21.54
10/24/2019, $21.6, 74350, $21.6, $21.64, $21.4
10/23/2019, $21.46, 67066, $21.4, $21.53, $21.37
10/22/2019, $21.39, 39090, $21.63, $21.79, $21.38
10/21/2019, $21.68, 79854, $21.61, $21.94, $21.61
10/18/2019, $21.47, 85666, $21.39, $21.61, $21.39
10/17/2019, $21.49, 115578, $21.21, $21.64, $21.099
10/16/2019, $21.08, 74490, $21.42, $21.49, $21.07
10/15/2019, $21.49, 116425, $21.39, $21.605, $21.36
10/14/2019, $21.33, 66024, $21.09, $21.42, $21.08
10/11/2019, $21.3, 82561, $21.5, $21.74, $21.27
10/10/2019, $21.31, 113903, $20.95, $21.48, $20.895
10/09/2019, $20.86, 64195, $20.97, $21.53, $20.7
10/08/2019, $20.97, 226173, $20.54, $21.32, $20.51
10/07/2019, $20.62, 171914, $20.54, $20.986, $20.5
10/04/2019, $20.61, 105244, $20.68, $20.8275, $20.43
10/03/2019, $20.75, 112290, $20.91, $21.08, $20.52
10/02/2019, $20.92, 98289, $20.47, $20.96, $20.41
10/01/2019, $20.62, 112940, $20.68, $21.05, $20.5
09/30/2019, $20.44, 70427, $20.82, $21.12, $20.42
09/27/2019, $20.91, 48532, $21.3, $21.41, $20.82
09/26/2019, $21.3, 56831, $21.66, $21.86, $21.09
09/25/2019, $21.7, 85924, $21.35, $21.75, $21.35
09/24/2019, $21.28, 103275, $21.67, $21.85, $21.26
09/23/2019, $21.59, 88537, $21.63, $21.95, $21.59
09/20/2019, $21.76, 170922, $22.26, $22.32, $21.71
09/19/2019, $22.22, 67967, $22.4, $22.7, $22.2
09/18/2019, $22.41, 147508, $22.79, $22.94, $22.39
09/17/2019, $22.64, 72502, $22.48, $22.81, $22.3978
09/16/2019, $22.5, 144841, $22.66, $22.67, $22.41
09/13/2019, $22.69, 81302, $22.65, $22.89, $22.48
09/12/2019, $22.45, 131994, $22.64, $22.85, $22.36
09/11/2019, $22.54, 93133, $21.97, $22.55, $21.97
09/10/2019, $21.9, 102170, $21.39, $22.33, $21.25
09/09/2019, $21.39, 50244, $21.23, $21.62, $21.16
09/06/2019, $21.19, 70004, $21.4, $21.7, $21.16
09/05/2019, $21.31, 58627, $21.25, $21.61, $20.995
09/04/2019, $21.08, 34909, $21.23, $21.27, $20.985
09/03/2019, $21.13, 55267, $21.2, $21.33, $20.65
08/30/2019, $21.27, 101713, $21.12, $21.39, $21.01
08/29/2019, $21.1, 36308, $21.34, $21.46, $21.06
08/28/2019, $21.13, 64548, $20.86, $21.32, $20.86
08/27/2019, $20.96, 55208, $21.64, $21.72, $20.91
08/26/2019, $21.52, 73190, $21.1, $21.635, $21.09
08/23/2019, $20.99, 98224, $21.4, $21.46, $20.8
08/22/2019, $21.51, 58315, $21.92, $22.09, $21.47
08/21/2019, $21.83, 43006, $22.2, $22.2223, $21.79
08/20/2019, $22.2, 42158, $22.54, $22.75, $22.17
08/19/2019, $22.65, 44172, $22.63, $22.83, $22.54
08/16/2019, $22.49, 81772, $22.07, $22.635, $22
08/15/2019, $22, 83936, $22.26, $22.62, $21.97
08/14/2019, $22.18, 127528, $21.69, $22.27, $21.67
08/13/2019, $21.85, 77196, $22.25, $22.64, $21.73
08/12/2019, $22.22, 66090, $22.35, $22.61, $22.16
08/09/2019, $22.45, 84773, $22.4, $22.855, $22.39
08/08/2019, $22.6, 180824, $22.4, $22.77, $22.17
08/07/2019, $22.25, 86805, $22.17, $22.715, $22.11
08/06/2019, $22.34, 124696, $22.56, $22.95, $22.2
08/05/2019, $22.5, 118541, $21.62, $22.68, $21.62
08/02/2019, $21.92, 78818, $22.22, $22.6, $21.6182
08/01/2019, $22.34, 151432, $19.86, $22.94, $19.75
07/31/2019, $19.12, 117972, $19.46, $19.68, $19.04
07/30/2019, $19.46, 61980, $19.27, $19.56, $19.07
07/29/2019, $19.35, 49833, $19.12, $19.47, $19
07/26/2019, $19.15, 32656, $19.01, $19.31, $19.01
07/25/2019, $18.94, 60575, $18.79, $19.12, $18.775
07/24/2019, $18.78, 45680, $18.39, $18.815, $18.3
07/23/2019, $18.47, 93044, $18.49, $18.51, $18
07/22/2019, $18.44, 47523, $18.09, $18.48, $18.07
07/19/2019, $18.09, 49954, $18.14, $18.345, $18.07
07/18/2019, $18.2, 43910, $18.22, $18.375, $18.04
07/17/2019, $18.31, 52731, $18.44, $18.495, $18.125
07/16/2019, $18.5, 45965, $18.61, $18.84, $18.46
07/15/2019, $18.67, 47254, $18.63, $18.71, $18.31
07/12/2019, $18.58, 43713, $18.36, $18.69, $18.33
07/11/2019, $18.38, 40305, $18.56, $18.61, $18.26
07/10/2019, $18.57, 67706, $18.28, $18.59, $18.21
07/09/2019, $18.23, 47046, $18.42, $18.42, $18.11
07/08/2019, $18.46, 39659, $18.97, $18.97, $18.425
07/05/2019, $19.02, 49693, $18.81, $19.05, $18.66
07/03/2019, $18.95, 11729, $18.8, $18.97, $18.79
07/02/2019, $18.84, 42839, $18.73, $18.87, $18.55
07/01/2019, $18.67, 97593, $19.07, $19.22, $18.57
06/28/2019, $19.01, 295207, $18.82, $19.08, $18.74
06/27/2019, $18.82, 60605, $18.72, $18.9217, $18.51
06/26/2019, $18.73, 48741, $18.76, $18.77, $18.505
06/25/2019, $18.73, 65949, $18.92, $18.97, $18.58
06/24/2019, $18.98, 72432, $19.03, $19.26, $18.705
06/21/2019, $19.11, 77605, $19.17, $19.28, $18.97
06/20/2019, $19.35, 72680, $19.57, $19.57, $19.27
06/19/2019, $19.4, 65908, $18.63, $19.43, $18.62
06/18/2019, $19.34, 49014, $19.47, $19.85, $19.3
06/17/2019, $19.4, 39126, $19.56, $19.68, $19.33
06/14/2019, $19.52, 46001, $19.21, $19.66, $19.15
06/13/2019, $19.27, 80696, $19.03, $19.33, $18.925
06/12/2019, $18.82, 62261, $18.57, $19, $18.53
06/11/2019, $18.61, 84155, $19, $19.14, $18.52
06/10/2019, $18.9, 95969, $18.79, $19.21, $18.78
06/07/2019, $18.8, 99035, $18.87, $19.02, $18.5
06/06/2019, $18.74, 86808, $18.79, $18.85, $18.57
06/05/2019, $18.79, 78742, $18.99, $19.3346, $18.51
06/04/2019, $18.97, 69131, $18.5, $19.045, $18.48
06/03/2019, $18.37, 193583, $18.16, $18.46, $18
05/31/2019, $18.22, 197002, $18.73, $18.79, $17.81
05/30/2019, $19, 92683, $19.26, $19.29, $18.8
05/29/2019, $19.18, 83023, $19.61, $19.61, $19.1101
05/28/2019, $19.65, 77470, $20.52, $20.6206, $19.63
05/24/2019, $20.57, 68452, $20.29, $20.62, $20.2058
05/23/2019, $20.18, 71467, $20.06, $20.38, $19.98
05/22/2019, $20.21, 73241, $20.21, $20.52, $20.05
05/21/2019, $20.31, 96515, $19.68, $20.33, $19.68
05/20/2019, $19.61, 92108, $19.45, $19.88, $19.42
05/17/2019, $19.56, 91592, $19.47, $19.96, $19.47
05/16/2019, $19.65, 78902, $19.6, $19.88, $19.59
05/15/2019, $19.55, 81535, $19.18, $19.76, $19.025
05/14/2019, $19.37, 102665, $19.45, $19.73, $19.29
05/13/2019, $19.43, 115557, $19.14, $19.59, $19.02
05/10/2019, $19.43, 72783, $19.05, $19.5, $19.05
05/09/2019, $19.22, 89715, $18.58, $19.26, $18.5
05/08/2019, $18.74, 82716, $18.63, $19.06, $18.54
05/07/2019, $18.69, 179401, $18.4, $18.75, $18.35
05/06/2019, $18.61, 263116, $17.96, $18.74, $17.96
05/03/2019, $18.3, 178467, $17.97, $18.72, $17.8405
05/02/2019, $17.77, 280053, $16.85, $17.94, $16.58
05/01/2019, $17.31, 198595, $17.53, $17.74, $17.25
04/30/2019, $17.55, 286748, $18.52, $18.58, $17.255
04/29/2019, $18.46, 132412, $18.67, $18.86, $18.3475
04/26/2019, $18.69, 63842, $18.89, $18.98, $18.63
04/25/2019, $18.84, 129698, $19.12, $19.125, $18.79
04/24/2019, $19.25, 102168, $18.89, $19.34, $18.79
04/23/2019, $18.87, 75094, $18.67, $18.95, $18.61
04/22/2019, $18.68, 59701, $19.31, $19.345, $18.525
04/18/2019, $19.41, 57918, $19.21, $19.43, $19.09
04/17/2019, $19.26, 76308, $19.16, $19.29, $18.89
04/16/2019, $19.06, 63116, $19.36, $19.36, $18.93
04/15/2019, $19.28, 45928, $19.4, $19.44, $19.23
04/12/2019, $19.44, 110012, $19, $19.49, $18.87
04/11/2019, $18.86, 31711, $19.12, $19.19, $18.85
04/10/2019, $19.13, 51214, $18.85, $19.17, $18.82
04/09/2019, $18.88, 53819, $19.43, $19.43, $18.85
04/08/2019, $19.46, 78333, $19.27, $19.49, $19.0136
04/05/2019, $19.35, 40361, $19.45, $19.6, $19.32
04/04/2019, $19.43, 73901, $19.2, $19.45, $19.2
04/03/2019, $19.14, 98922, $19.05, $19.39, $19.05
04/02/2019, $19.15, 79409, $19.19, $19.3, $18.96
04/01/2019, $19.19, 48580, $19.25, $19.42, $19.135
03/29/2019, $19.25, 86723, $19.18, $19.33, $18.97
03/28/2019, $19.22, 55521, $19.18, $19.29, $19.04
03/27/2019, $19.11, 71668, $19.04, $19.23, $18.88
03/26/2019, $19.14, 39718, $18.99, $19.19, $18.94
03/25/2019, $18.91, 117012, $18.84, $19, $18.56
03/22/2019, $18.83, 131567, $19.51, $19.53, $18.8
03/21/2019, $19.59, 98012, $19.43, $19.76, $19.38
03/20/2019, $19.43, 127853, $20.05, $20.05, $19.3901
03/19/2019, $20.09, 79465, $20.01, $20.33, $19.99
03/18/2019, $20.01, 165852, $19.76, $20.06, $19.76
03/15/2019, $19.69, 252750, $19.95, $20.06, $19.65
03/14/2019, $19.95, 73578, $20.14, $20.18, $19.9
03/13/2019, $20.1, 103553, $20.3, $20.33, $19.99
03/12/2019, $20.37, 101823, $20.79, $20.905, $20.34
03/11/2019, $20.89, 74490, $21.03, $21.1, $20.71
03/08/2019, $20.99, 137966, $20.41, $21.1, $20.41
03/07/2019, $20.57, 95762, $20.81, $20.81, $20.34
03/06/2019, $20.78, 94660, $21.48, $21.48, $20.66
03/05/2019, $21.55, 110917, $21.41, $21.65, $21.28
03/04/2019, $21.39, 103918, $21.52, $21.605, $21.32
03/01/2019, $21.43, 95301, $21.16, $21.43, $21.04
02/28/2019, $21.01, 124383, $20.88, $21.1, $20.59
02/27/2019, $20.98, 77430, $21.14, $21.29, $20.8
02/26/2019, $21.16, 158558, $21.17, $21.5425, $21.0425
02/25/2019, $21.17, 145921, $21.1, $21.34, $20.94
02/22/2019, $21, 434110, $20.39, $21.08, $20.38
02/21/2019, $20.19, 167021, $19.74, $20.79, $19.53
02/20/2019, $19.92, 133632, $19.66, $20.06, $19.52
02/19/2019, $19.55, 138108, $19.5, $19.6, $19.1
02/15/2019, $19.59, 146006, $19.2, $19.64, $19.175
02/14/2019, $19.13, 89723, $19.3, $19.5, $19.09
02/13/2019, $19.41, 45818, $19.55, $19.67, $19.35
02/12/2019, $19.38, 126762, $18.9, $19.44, $18.85
02/11/2019, $18.92, 164590, $18.7, $19.18, $18.55
02/08/2019, $18.74, 79376, $19.15, $19.15, $18.55
02/07/2019, $19.29, 94491, $19.34, $19.4837, $18.89
02/06/2019, $19.41, 76418, $19.77, $19.79, $19.33
02/05/2019, $19.75, 55613, $19.73, $19.88, $19.63
02/04/2019, $19.74, 83831, $19.6, $19.84, $19.6
02/01/2019, $19.71, 74823, $19.61, $19.76, $19.32
01/31/2019, $19.45, 95038, $19.54, $19.66, $19.29
01/30/2019, $19.61, 137774, $19.82, $19.85, $19.5
01/29/2019, $19.71, 82836, $19.69, $19.84, $19.56
01/28/2019, $19.68, 83075, $19.4, $19.75, $19.4
01/25/2019, $19.43, 70488, $19.96, $19.96, $19.42
01/24/2019, $19.75, 69443, $19.7, $19.78, $19.53
01/23/2019, $19.66, 126367, $19.77, $19.905, $19.4
01/22/2019, $19.68, 171925, $19.4, $19.87, $18.82
01/18/2019, $19.63, 321436, $19.33, $19.79, $19.1
01/17/2019, $19.26, 846850, $17.78, $19.38, $17.76
01/16/2019, $17, 133512, $17.07, $17.39, $16.97
01/15/2019, $16.99, 107830, $16.82, $17, $16.58
01/14/2019, $16.86, 97806, $16.86, $17.0701, $16.78
01/11/2019, $16.98, 91623, $16.54, $17.02, $16.5
01/10/2019, $16.64, 80479, $16.57, $16.8764, $16.5
01/09/2019, $16.58, 61666, $16.5, $16.87, $16.4901
01/08/2019, $16.49, 101545, $16.28, $16.51, $16.23
01/07/2019, $16.13, 79637, $15.94, $16.2, $15.81
01/04/2019, $15.94, 182687, $15.53, $16.08, $15.53
01/03/2019, $15.39, 136545, $15.51, $15.705, $15.27
01/02/2019, $15.59, 129569, $15.32, $15.86, $15.29
12/31/2018, $15.5, 150089, $15.64, $15.71, $15.2986
12/28/2018, $15.61, 158684, $15.31, $15.78, $15.31
12/27/2018, $15.33, 200702, $14.95, $15.35, $14.86
12/26/2018, $15.13, 234170, $14.52, $15.17, $14.52
12/24/2018, $14.5, 135521, $14.63, $14.77, $14.5
12/21/2018, $14.71, 355077, $14.88, $15.25, $14.7
12/20/2018, $14.76, 140823, $14.85, $15.16, $14.75
12/19/2018, $14.89, 121012, $14.86, $15.43, $14.86
12/18/2018, $14.86, 169562, $14.88, $15.19, $14.74
12/17/2018, $14.77, 181449, $15.4, $15.4, $14.72
12/14/2018, $15.47, 147299, $15.66, $15.71, $15.46
12/13/2018, $15.77, 101060, $16.4, $16.47, $15.69
12/12/2018, $16.41, 403015, $16.29, $16.68, $16.06
12/11/2018, $16.06, 75494, $16.16, $16.34, $15.91
12/10/2018, $16.11, 152161, $16.02, $16.28, $15.64
12/07/2018, $16.04, 147239, $16.46, $16.58, $15.98
12/06/2018, $16.46, 324868, $16.3, $16.63, $16
12/04/2018, $16.51, 300023, $17.3, $17.39, $16.45
12/03/2018, $17.19, 236816, $17.1, $17.48, $16.79
11/30/2018, $17.04, 177068, $16.79, $17.05, $16.48
11/29/2018, $16.79, 174088, $16.47, $16.87, $16.34
11/28/2018, $16.5, 147735, $16.24, $16.5, $16.05
11/27/2018, $16.22, 83860, $16.34, $16.34, $16.11
11/26/2018, $16.36, 142997, $16.33, $16.48, $16.06
11/23/2018, $16.15, 32336, $16.39, $16.39, $16.1
11/21/2018, $16.41, 121719, $15.77, $16.6, $15.77
11/20/2018, $15.67, 171111, $15.99, $16.32, $15.63
11/19/2018, $16.14, 125407, $16.55, $16.63, $16.13
11/16/2018, $16.61, 92979, $16.39, $16.71, $16.32
11/15/2018, $16.48, 112470, $16.24, $16.53, $16.11
11/14/2018, $16.29, 216618, $16.97, $16.99, $16.2
11/13/2018, $16.92, 139664, $16.9, $17.33, $16.9
11/12/2018, $17.05, 146282, $17.06, $17.23, $16.87
11/09/2018, $17.2, 229839, $17.1, $17.47, $16.95
11/08/2018, $17.01, 271653, $16.77, $17.56, $16.73
11/07/2018, $16.21, 205329, $16.09, $16.35, $15.7
11/06/2018, $16.12, 133567, $15.75, $16.23, $15.74
11/05/2018, $15.73, 263023, $15.3, $16.63, $15.3
11/02/2018, $15.34, 304971, $15.02, $15.42, $14.9
11/01/2018, $14.97, 822419, $18.78, $18.78, $14.5701
10/31/2018, $19.06, 175319, $19.11, $19.29, $18.89
10/30/2018, $18.87, 254131, $18.91, $19.12, $18.54
10/29/2018, $18.89, 68245, $19.29, $19.52, $18.785
10/26/2018, $19.17, 101337, $19.12, $19.35, $18.9
10/25/2018, $19.32, 90332, $19.23, $19.51, $19.14
10/24/2018, $19.16, 74815, $19.37, $19.55, $19.16
10/23/2018, $19.44, 110248, $19.6, $19.85, $19.195
10/22/2018, $19.8, 65606, $20.01, $20.11, $19.665
10/19/2018, $20.05, 53351, $20.19, $20.46, $20.05
10/18/2018, $20.23, 81104, $20.58, $20.58, $20.07
10/17/2018, $20.65, 85686, $20.63, $20.79, $20.585
10/16/2018, $20.67, 69415, $20.49, $20.71, $20.35
10/15/2018, $20.41, 84843, $20.42, $20.57, $20.0304
10/12/2018, $20.47, 140795, $20.51, $20.52, $20.25
10/11/2018, $20.26, 124250, $20.57, $20.74, $20.21
10/10/2018, $20.61, 97163, $20.76, $20.93, $20.58
10/09/2018, $20.76, 46000, $20.76, $20.95, $20.71
10/08/2018, $20.81, 57408, $20.75, $20.89, $20.59
10/05/2018, $20.76, 75742, $20.83, $20.83, $20.42
10/04/2018, $20.78, 85208, $21.08, $21.09, $20.66
10/03/2018, $21.17, 74961, $21.6, $21.6, $21.14
10/02/2018, $21.46, 92334, $21.77, $21.81, $21.44
10/01/2018, $21.71, 91671, $21.53, $21.89, $21.5
09/28/2018, $21.55, 98902, $21.52, $21.7, $21.49
09/27/2018, $21.53, 82471, $21.7, $21.82, $21.52
09/26/2018, $21.79, 171097, $21.89, $22.13, $21.67
09/25/2018, $21.85, 105293, $21.91, $22.08, $21.81
09/24/2018, $21.91, 105172, $22.33, $22.56, $21.89
09/21/2018, $22.38, 333530, $22.47, $22.5514, $22.37
09/20/2018, $22.45, 71011, $22.14, $22.49, $22.13
09/19/2018, $22.05, 145817, $22.05, $22.14, $21.95
09/18/2018, $22.1, 140735, $22.15, $22.42, $22
09/17/2018, $22.16, 54893, $22.43, $22.565, $22.15
09/14/2018, $22.43, 59536, $22.29, $22.56, $22.23
09/13/2018, $22.29, 61342, $22.43, $22.67, $22.25
09/12/2018, $22.4, 102361, $22.53, $22.68, $22.15
09/11/2018, $22.58, 108116, $22.31, $22.63, $22.2
09/10/2018, $22.37, 89903, $22.75, $22.8, $22.19
09/07/2018, $22.65, 104034, $22.37, $22.77, $22.23
09/06/2018, $22.4, 87539, $22.46, $22.46, $22.2676
09/05/2018, $22.38, 95571, $22.35, $22.48, $22.25
09/04/2018, $22.42, 61743, $22.71, $22.8, $22.37
08/31/2018, $22.77, 77805, $22.88, $23.07, $22.65
08/30/2018, $22.94, 113680, $23.18, $23.18, $22.89
08/29/2018, $23.17, 42226, $23.32, $23.5022, $23.095
08/28/2018, $23.39, 50134, $23.66, $23.68, $23.25
08/27/2018, $23.66, 141467, $23.19, $23.79, $23.1
08/24/2018, $23.22, 84262, $23.26, $23.36, $23.17
08/23/2018, $23.24, 98161, $23.35, $23.38, $23.11
08/22/2018, $23.38, 120172, $23.9, $24.09, $23.35
08/21/2018, $23.97, 78018, $23.79, $24.07, $23.67
08/20/2018, $23.55, 79898, $23.38, $23.61, $22.99
08/17/2018, $23.4, 59312, $23.45, $23.635, $23.31
08/16/2018, $23.5, 84378, $23.23, $23.665, $23.23
08/15/2018, $23.15, 77089, $22.93, $23.27, $22.885
08/14/2018, $23.02, 72217, $23.18, $23.35, $22.93
08/13/2018, $23.25, 108417, $23.32, $23.56, $23.09
08/10/2018, $23.54, 28425, $23.48, $23.78, $23.43
08/09/2018, $23.64, 65546, $24.03, $24.19, $23.6
08/08/2018, $23.99, 89736, $24.16, $24.3, $23.96
08/07/2018, $24.28, 73442, $24.25, $24.47, $24.02
08/06/2018, $24.25, 86777, $23.64, $24.325, $23.59
08/03/2018, $23.49, 116169, $23.78, $23.85, $23.34
08/02/2018, $23.71, 123996, $23.77, $24.075, $23.29
08/01/2018, $23.92, 191937, $23.64, $24.335, $22.16
07/31/2018, $24.99, 143718, $24.09, $25.05, $24.09
07/30/2018, $24.09, 73277, $24.25, $24.6, $24.02
07/27/2018, $24.32, 51069, $24.72, $24.8, $24.3
07/26/2018, $24.63, 66028, $24.57, $24.73, $24.3
07/25/2018, $24.54, 45596, $24.8, $24.94, $24.38
07/24/2018, $24.81, 43162, $24.9, $24.95, $24.715
07/23/2018, $24.92, 49469, $24.73, $24.96, $24.73
07/20/2018, $24.73, 78732, $24.7, $24.99, $24.7
07/19/2018, $24.75, 49617, $24.78, $24.86, $24.59
07/18/2018, $24.78, 49210, $24.96, $25, $24.53
07/17/2018, $24.95, 58611, $24.92, $25, $24.81
07/16/2018, $24.92, 49112, $25.05, $25.13, $24.81
07/13/2018, $25.02, 55733, $24.97, $25.29, $24.915
07/12/2018, $24.97, 35244, $24.88, $24.98, $24.66
07/11/2018, $24.84, 81868, $24.75, $25.07, $24.75
07/10/2018, $24.83, 107248, $24.95, $25.099, $24.78
07/09/2018, $24.95, 92292, $24.95, $25.23, $24.825
07/06/2018, $24.79, 51499, $24.98, $25.03, $24.7
07/05/2018, $24.9, 58982, $24.85, $24.96, $24.69
07/03/2018, $24.83, 50852, $24.8, $25.01, $24.7
07/02/2018, $24.67, 61095, $24.32, $24.74, $24.32
06/29/2018, $24.55, 95297, $24.74, $24.83, $24.45
06/28/2018, $24.7, 84529, $25.02, $25.05, $24.65
06/27/2018, $25.04, 71363, $24.8, $25.11, $24.59
06/26/2018, $24.79, 55405, $24.58, $24.88, $24.385
06/25/2018, $24.66, 76484, $24.56, $24.74, $24.41
06/22/2018, $24.73, 207595, $24.85, $24.96, $24.47
06/21/2018, $24.79, 85705, $24.75, $24.84, $24.55
06/20/2018, $24.74, 71616, $24.77, $24.905, $24.58
06/19/2018, $24.69, 48923, $24.59, $24.73, $24.415
06/18/2018, $24.6, 39383, $24.64, $24.77, $24.545
06/15/2018, $24.64, 81795, $24.53, $24.7, $24.475
06/14/2018, $24.56, 66231, $24.79, $24.79, $24.395
06/13/2018, $24.69, 67416, $25.03, $25.046, $24.68
06/12/2018, $25.07, 78566, $25.17, $25.17, $24.8
06/11/2018, $25.07, 59705, $25.19, $25.28, $25.025
06/08/2018, $25.15, 64849, $25.22, $25.36, $25.02
06/07/2018, $25.2, 81969, $25.32, $25.37, $24.96
06/06/2018, $25.24, 268036, $24.9, $25.35, $24.08
06/05/2018, $24.84, 97318, $24.57, $24.9399, $24.47
06/04/2018, $24.63, 101351, $24.63, $24.77, $24.4245
06/01/2018, $24.6, 89375, $25.2, $25.2, $24.58
05/31/2018, $25.15, 82355, $25.29, $25.32, $25.051
05/30/2018, $25.36, 93938, $25.25, $25.58, $25.0944
05/29/2018, $25.04, 81111, $24.99, $25.4, $24.89
05/25/2018, $25.16, 83712, $25, $25.27, $25
05/24/2018, $25, 121786, $25.1, $25.14, $24.845
05/23/2018, $25.17, 76631, $25.37, $25.44, $25.015
05/22/2018, $25.36, 179171, $25.66, $25.66, $25.35
05/21/2018, $25.63, 108172, $25.59, $25.76, $25.36
05/18/2018, $25.55, 124322, $25.4, $25.67, $25.33
05/17/2018, $25.48, 79872, $25.55, $25.64, $25.34
05/16/2018, $25.55, 149580, $25.36, $25.605, $25.18
05/15/2018, $25.33, 97041, $25.48, $25.56, $25.3
05/14/2018, $25.54, 106336, $25.7, $25.79, $25.47
05/11/2018, $25.7, 90774, $25.39, $25.72, $25.37
05/10/2018, $25.58, 141269, $25.71, $25.71, $25.36
05/09/2018, $25.73, 93424, $25.86, $25.98, $25.71
05/08/2018, $25.89, 64445, $26.02, $26.12, $25.76
05/07/2018, $26.06, 58833, $26.05, $26.485, $25.7672
05/04/2018, $26.08, 199008, $25.69, $26.19, $25.58
05/03/2018, $25.68, 712854, $26.11, $26.24, $25.66
05/02/2018, $26.27, 118165, $26.24, $26.43, $26.04
05/01/2018, $26.27, 164891, $26.01, $26.32, $25.45
04/30/2018, $26.03, 151544, $26.77, $26.95, $25.89
04/27/2018, $26.85, 173709, $26.69, $27.18, $26.69
04/26/2018, $26.66, 277862, $27.54, $27.65, $26.56
04/25/2018, $27.57, 308512, $28.35, $28.96, $27.14
04/24/2018, $28.58, 121615, $28.36, $28.93, $28.35
04/23/2018, $28.23, 77149, $28.46, $28.47, $28.11
04/20/2018, $28.45, 97431, $28.25, $28.54, $28.16
04/19/2018, $28.32, 35445, $28.36, $28.51, $28.27
04/18/2018, $28.46, 57452, $28.32, $28.55, $28.32
04/17/2018, $28.3, 125452, $28.25, $28.4, $28.16
04/16/2018, $28.17, 242681, $28, $28.27, $27.925
04/13/2018, $27.84, 153395, $27.75, $27.84, $27.58
04/12/2018, $27.63, 67989, $27.79, $27.79, $27.61
04/11/2018, $27.65, 67649, $27.81, $27.88, $27.48
04/10/2018, $27.83, 95834, $27.98, $28.08, $27.76
04/09/2018, $27.78, 60413, $27.94, $28.11, $27.7584
04/06/2018, $27.76, 114663, $27.83, $28.2, $27.54
04/05/2018, $27.89, 92785, $27.75, $28.06, $27.53
04/04/2018, $27.64, 121571, $27.18, $27.73, $27.06
04/03/2018, $27.35, 291867, $27.43, $27.5, $27.01
04/02/2018, $27.27, 78302, $27.61, $27.86, $27.1
03/29/2018, $27.66, 89938, $27.75, $28.07, $27.59
03/28/2018, $27.65, 78714, $27.46, $27.76, $27.27
03/27/2018, $27.49, 64918, $27.61, $27.89, $27.35
03/26/2018, $27.62, 72845, $27.74, $27.77, $27.32
03/23/2018, $27.44, 143983, $27.83, $28.2522, $27.43
03/22/2018, $27.83, 69583, $28.11, $28.25, $27.8
03/21/2018, $28.18, 61525, $28.21, $28.47, $28.11
03/20/2018, $28.19, 47211, $28.48, $28.77, $28.09
03/19/2018, $28.42, 64961, $28.41, $28.72, $28.16
03/16/2018, $28.41, 125084, $28.35, $28.57, $28.21
03/15/2018, $28.29, 237656, $28.3, $28.54, $28.08
03/14/2018, $28.33, 108618, $28.08, $28.46, $28.01
03/13/2018, $28.01, 108562, $28.34, $28.49, $27.94
03/12/2018, $28.29, 99621, $28.29, $28.42, $28.12
03/09/2018, $28.1, 149735, $28.12, $28.265, $28.01
03/08/2018, $28, 62476, $28.02, $28.16, $27.87
03/07/2018, $27.97, 57255, $27.92, $28.05, $27.7973
03/06/2018, $28.05, 88951, $27.67, $28.13, $27.45
03/05/2018, $27.69, 90590, $27.85, $28.04, $27.51
03/02/2018, $27.85, 149200, $27.41, $28.15, $27.41
03/01/2018, $27.56, 184401, $27.15, $27.64, $27.14
02/28/2018, $27.22, 61670, $27.65, $27.72, $27.21
02/27/2018, $27.57, 70269, $27.92, $28.03, $27.51
02/26/2018, $27.81, 96557, $27.8, $27.87, $27.55
02/23/2018, $27.51, 47316, $27.37, $27.62, $27.26
02/22/2018, $27.32, 69326, $27.39, $27.56, $27.08
02/21/2018, $27.35, 51357, $27.57, $27.825, $27.32
02/20/2018, $27.59, 113583, $27.49, $27.76, $27.31
02/16/2018, $27.64, 211522, $26.49, $27.9, $26.48
02/15/2018, $26.25, 144455, $25.62, $26.5, $25.62
02/14/2018, $25.43, 81419, $25.31, $25.68, $25.3
02/13/2018, $25.52, 71128, $25.46, $25.8, $25.26
02/12/2018, $25.55, 75770, $25.69, $25.77, $25.33
02/09/2018, $25.77, 107429, $25.96, $25.96, $25.3
02/08/2018, $25.84, 84742, $26.32, $26.32, $25.8
02/07/2018, $26.25, 125635, $25.76, $26.35, $25.55
02/06/2018, $25.86, 169028, $25.27, $26.055, $25.15
02/05/2018, $25.6, 207844, $26.23, $26.58, $25.48
02/02/2018, $26.29, 81654, $26.45, $26.6, $26.19
02/01/2018, $26.47, 113076, $26.51, $26.7, $26.08
01/31/2018, $26.63, 316582, $26.89, $27, $26.24
01/30/2018, $26.83, 125732, $26.69, $26.91, $26.66
01/29/2018, $26.76, 435514, $27, $27.01, $26.76
01/26/2018, $26.99, 73622, $27.1, $27.67, $26.615
01/25/2018, $26.98, 191058, $27.16, $27.25, $26.73
01/24/2018, $27.11, 167889, $26.77, $27.23, $26.56
01/23/2018, $26.61, 53793, $26.37, $26.65, $25.95
01/22/2018, $26.35, 87045, $26.08, $26.39, $25.785
01/19/2018, $26.11, 175857, $26.08, $26.48, $25.71
01/18/2018, $26.11, 159672, $26.45, $26.5, $25.97
01/17/2018, $26.44, 162984, $26.86, $26.86, $26.14
01/16/2018, $26.73, 88923, $26.66, $27.14, $26.65
01/12/2018, $26.6, 135009, $26.41, $26.6, $26.34
01/11/2018, $26.41, 83223, $26.22, $26.56, $26.22
01/10/2018, $26.22, 98082, $26.05, $26.32, $26.0139
01/09/2018, $26.15, 76438, $26.8, $26.8, $26.11
01/08/2018, $26.71, 110632, $26.42, $26.81, $26.28
01/05/2018, $26.42, 70084, $26.52, $26.67, $26.27
01/04/2018, $26.46, 130796, $26.4, $26.71, $26.2697
01/03/2018, $26.21, 119481, $25.96, $26.31, $25.64
01/02/2018, $25.96, 105348, $25.72, $25.98, $25.565
12/29/2017, $25.71, 57700, $26.13, $26.13, $25.69
12/28/2017, $26.08, 61484, $25.69, $26.17, $25.69
12/27/2017, $25.68, 45098, $25.59, $25.8, $25.59
12/26/2017, $25.65, 39907, $25.77, $25.84, $25.6
12/22/2017, $25.75, 81357, $26.07, $26.12, $25.53
12/21/2017, $25.9, 91325, $26.12, $26.12, $25.88
12/20/2017, $26.01, 75250, $26.35, $26.35, $25.9
12/19/2017, $26.27, 125861, $26.32, $26.5, $26.18
12/18/2017, $26.23, 107452, $26.38, $26.47, $26.14
12/15/2017, $26.21, 199775, $25.86, $26.32, $25.86
12/14/2017, $25.84, 58253, $26.29, $26.29, $25.825
12/13/2017, $26.3, 70580, $26.27, $26.54, $26.145
12/12/2017, $26.33, 78681, $26.36, $26.495, $26.195
12/11/2017, $26.34, 80158, $26.64, $26.66, $26.23
12/08/2017, $26.63, 535765, $26.53, $26.78, $26.34
12/07/2017, $26.52, 80015, $26.47, $26.67, $26.22
12/06/2017, $26.49, 100428, $26.1, $26.57, $25.71
12/05/2017, $26.12, 78795, $25.92, $26.19, $25.76
12/04/2017, $25.92, 66355, $25.89, $26.06, $25.71
12/01/2017, $25.67, 87888, $25.71, $25.79, $25.29
11/30/2017, $25.62, 105795, $26.01, $26.03, $25.48
11/29/2017, $25.79, 139863, $25.24, $25.855, $24.81
11/28/2017, $25.22, 79204, $25.03, $25.29, $24.88
11/27/2017, $24.93, 69216, $24.74, $25.06, $24.74
11/24/2017, $24.74, 35717, $25.11, $25.11, $24.57
11/22/2017, $25.01, 39274, $25.18, $25.2, $24.9701
11/21/2017, $25.07, 95534, $24.86, $25.09, $24.55
11/20/2017, $24.8, 61669, $24.96, $25.06, $24.73
11/17/2017, $24.97, 137143, $24.56, $25.04, $24.55
11/16/2017, $24.68, 134423, $24.46, $24.78, $24.46
11/15/2017, $24.63, 121038, $24.46, $24.85, $24.46
11/14/2017, $24.57, 52234, $24.5, $24.69, $24.46
11/13/2017, $24.63, 69262, $24.85, $25.28, $24.54
11/10/2017, $24.89, 55240, $25.03, $25.1, $24.88
11/09/2017, $25.03, 71461, $25.03, $25.215, $24.94
11/08/2017, $25.15, 62039, $25.3, $25.36, $25.06
11/07/2017, $25.4, 92813, $25.76, $25.82, $25.26
11/06/2017, $25.7, 57765, $25.62, $25.84, $25.51
11/03/2017, $25.74, 48905, $25.94, $26, $25.66
11/02/2017, $25.94, 77220, $25.89, $26.06, $25.81
11/01/2017, $25.71, 91658, $26, $26, $25.37
10/31/2017, $25.9, 71632, $25.46, $25.95, $25.39
10/30/2017, $25.4, 99881, $25.61, $25.97, $25.22
10/27/2017, $25.58, 97021, $25.96, $25.96, $25.43
10/26/2017, $25.9, 285638, $23.6, $25.91, $23.6
10/25/2017, $24.01, 150083, $24.33, $24.53, $23.92
10/24/2017, $24.5, 219636, $24.55, $24.85, $24.32
10/23/2017, $24.5, 127419, $24.66, $24.74, $24.26
10/20/2017, $24.71, 123466, $25.09, $25.15, $24.7
10/19/2017, $24.99, 77743, $24.91, $25.17, $24.82
10/18/2017, $24.99, 36870, $25.07, $25.23, $24.97
10/17/2017, $25, 98027, $25.48, $25.48, $24.99
10/16/2017, $25.43, 56905, $25.3, $25.51, $25.25
10/13/2017, $25.32, 52639, $25.44, $25.49, $25.28
10/12/2017, $25.4, 27813, $25.3, $25.52, $25.27
10/11/2017, $25.4, 33241, $25.71, $25.71, $25.33
10/10/2017, $25.62, 54557, $25.55, $25.69, $25.4
10/09/2017, $25.37, 47950, $25.47, $25.54, $25.29
10/06/2017, $25.53, 65362, $25.79, $25.95, $25.47
10/05/2017, $25.84, 155050, $25.92, $26.08, $25.81
10/04/2017, $25.92, 80504, $26, $26.16, $25.87
10/03/2017, $25.93, 72494, $25.84, $25.93, $25.55
10/02/2017, $25.73, 70917, $25.62, $25.8, $25.55
09/29/2017, $25.6, 60817, $25.88, $25.88, $25.53
09/28/2017, $25.92, 107388, $25.72, $26.06, $25.53
09/27/2017, $25.74, 111068, $25.54, $25.78, $25.22
09/26/2017, $25.4, 87435, $25.28, $25.51, $25.19
09/25/2017, $25.22, 198304, $25, $25.3, $24.96
09/22/2017, $24.97, 148468, $24.86, $25.125, $24.86
09/21/2017, $24.9, 187658, $24.53, $24.98, $24.51
09/20/2017, $24.5, 157408, $24.19, $24.74, $24.04
09/19/2017, $24.17, 123591, $24.15, $24.38, $24.11
09/18/2017, $24.2, 121451, $23.95, $24.35, $23.89
09/15/2017, $23.92, 316225, $24, $24.1925, $23.8
09/14/2017, $23.97, 103260, $24.13, $24.47, $23.78
09/13/2017, $24.15, 125601, $23.88, $24.27, $23.88
09/12/2017, $23.91, 74083, $23.45, $24.11, $23.45
09/11/2017, $23.5, 99554, $23.37, $23.665, $23.37
09/08/2017, $23.31, 208770, $23.55, $23.89, $23.15
09/07/2017, $23.57, 177823, $24.02, $24.06, $23.5
09/06/2017, $23.96, 83705, $24.21, $24.3196, $23.9
09/05/2017, $24.21, 95289, $24.28, $24.5, $24.05
09/01/2017, $24.3, 63405, $24.51, $24.575, $24.29
08/31/2017, $24.49, 223161, $24.27, $24.54, $24.27
08/30/2017, $24.22, 141832, $24.27, $24.4, $23.91
08/29/2017, $24.27, 107986, $24.24, $24.52, $24.19
08/28/2017, $24.3, 99513, $24.42, $24.53, $24.08
08/25/2017, $24.39, 99529, $24.26, $24.8, $24.26
08/24/2017, $24.34, 131688, $24.41, $24.96, $24.22
08/23/2017, $24.28, 126889, $24.13, $24.51, $23.77
08/22/2017, $24.31, 55896, $24.36, $24.52, $23.96
08/21/2017, $24.11, 43943, $24.14, $24.16, $23.96
08/18/2017, $24.15, 61264, $23.83, $24.345, $23.67
08/17/2017, $23.92, 59421, $24.09, $24.4, $23.9
08/16/2017, $24.17, 54602, $24.11, $24.59, $24.11
08/15/2017, $24.07, 116157, $24.51, $24.51, $24
08/14/2017, $24.48, 52859, $24.27, $24.645, $24.27
08/11/2017, $24.22, 122451, $24.84, $24.91, $24.19
08/10/2017, $24.34, 44678, $24.39, $24.585, $24.27
08/09/2017, $24.52, 78082, $24.2, $24.55, $23.725
08/08/2017, $24.32, 84394, $24.22, $24.84, $24.1
08/07/2017, $24.24, 100907, $24.61, $24.8, $24.16
08/04/2017, $24.62, 73303, $24.76, $24.89, $24.55
08/03/2017, $24.77, 62324, $24.86, $24.97, $24.68
08/02/2017, $24.83, 237192, $24.77, $24.86, $24.57
08/01/2017, $24.71, 90545, $24.54, $24.73, $24.34
07/31/2017, $24.39, 173416, $24.9, $25.08, $24.37
07/28/2017, $24.91, 455861, $24.09, $24.94, $23.59
07/27/2017, $24.23, 317972, $25.6, $26.08, $24.0701
07/26/2017, $26.49, 67980, $26.82, $26.82, $26.41
07/25/2017, $26.8, 86849, $26.6, $27.055, $26.4689
07/24/2017, $26.54, 303795, $26.38, $26.59, $26.2
07/21/2017, $26.39, 88429, $26.54, $26.61, $26.23
07/20/2017, $26.35, 41182, $26.39, $26.45, $26.12
07/19/2017, $26.36, 108033, $26.22, $26.51, $26.21
07/18/2017, $26.23, 127793, $26.68, $26.88, $26.11
07/17/2017, $26.69, 107817, $26.69, $27.05, $26.54
07/14/2017, $26.7, 62053, $26.81, $27.21, $26.45
07/13/2017, $26.82, 70065, $26.53, $26.82, $26.2737
07/12/2017, $26.53, 68809, $26.5, $27.045, $26.4034
07/11/2017, $26.38, 65647, $26.42, $26.55, $26.2
07/10/2017, $26.43, 52562, $26.87, $27.0181, $26.37
07/07/2017, $26.88, 82217, $26.59, $26.93, $26.59
07/06/2017, $26.57, 85781, $26.93, $26.93, $26.51
07/05/2017, $26.98, 92663, $27.21, $27.42, $26.71
07/03/2017, $27.22, 26354, $27, $27.26, $27
06/30/2017, $26.96, 55768, $27, $27.08, $26.76
06/29/2017, $26.99, 53492, $26.78, $26.99, $26.685
06/28/2017, $26.85, 31061, $26.88, $26.97, $26.76
06/27/2017, $26.79, 41159, $26.67, $26.9561, $26.67
06/26/2017, $26.82, 124806, $26.64, $26.93, $26.61
06/23/2017, $26.63, 185597, $26.64, $26.71, $26.4
06/22/2017, $26.55, 29699, $26.59, $26.71, $26.42
06/21/2017, $26.56, 81944, $26.78, $26.84, $26.49
06/20/2017, $26.76, 58305, $26.8, $27.164, $26.61
06/19/2017, $26.88, 83138, $26.99, $27.14, $26.8
06/16/2017, $26.92, 104702, $26.77, $27.01, $26.77
06/15/2017, $27, 88710, $26.68, $27.12, $26.68
06/14/2017, $26.89, 111190, $26.88, $27.09, $26.74
06/13/2017, $26.89, 127111, $26.78, $27.04, $26.65
06/12/2017, $26.74, 109921, $26.53, $26.84, $26.53
06/09/2017, $26.56, 83283, $26.35, $26.69, $26.35
06/08/2017, $26.41, 63529, $26.36, $26.56, $26.14
06/07/2017, $26.23, 52917, $26.43, $26.43, $26.1
06/06/2017, $26.53, 73201, $26.67, $26.68, $26.435
06/05/2017, $26.73, 54179, $26.9, $26.93, $26.59
06/02/2017, $26.91, 81057, $26.63, $27.38, $26.63
06/01/2017, $26.63, 64548, $26.48, $26.65, $26.24
05/31/2017, $26.29, 94799, $26.43, $26.49, $25.93
05/30/2017, $26.32, 150923, $26.29, $26.44, $25.92
05/26/2017, $26.22, 81126, $26.1, $26.36, $25.78
05/25/2017, $26.09, 50156, $26.26, $26.28, $25.995
05/24/2017, $26.11, 41000, $26.13, $26.21, $25.91
05/23/2017, $26.13, 51178, $26.25, $26.25, $25.98
05/22/2017, $26.14, 72679, $26.1, $26.26, $25.89
05/19/2017, $26.08, 112526, $25.66, $26.42, $25.5327
05/18/2017, $25.61, 136455, $25.62, $25.82, $25.27
05/17/2017, $25.56, 107197, $25.86, $26, $25.41
05/16/2017, $26.17, 128650, $26.45, $26.53, $25.98
05/15/2017, $26.49, 107738, $26.8, $27.14, $26.47
05/12/2017, $26.71, 55988, $26.85, $27.02, $26.69
05/11/2017, $26.97, 54769, $27.07, $27.16, $26.6301
05/10/2017, $27.26, 70300, $27.17, $27.59, $27.115
05/09/2017, $27.26, 73754, $27.1, $27.3999, $26.99
05/08/2017, $26.98, 53227, $27.24, $27.26, $26.86
05/05/2017, $27.25, 93761, $27.47, $27.47, $26.9222
05/04/2017, $27.24, 73622, $27.29, $27.32, $26.97
05/03/2017, $27.26, 113420, $27.59, $27.59, $27.14
05/02/2017, $27.58, 63887, $27.47, $28.07, $27.41
05/01/2017, $27.32, 40055, $27.33, $27.56, $27.175
04/28/2017, $27.35, 97058, $27.27, $27.75, $27.24
04/27/2017, $27.16, 228063, $28.12, $28.39, $27.01
04/26/2017, $28.82, 154127, $28.57, $28.96, $28.32
04/25/2017, $28.58, 66409, $28.46, $28.82, $28.3036
04/24/2017, $28.15, 220252, $27.76, $28.17, $27.64
04/21/2017, $27.64, 69577, $27.57, $27.71, $27.465
04/20/2017, $27.58, 93240, $27.47, $27.61, $27.33
04/19/2017, $27.41, 43771, $27.5, $27.6, $27.2701
04/18/2017, $27.42, 41472, $27.41, $27.42, $27.08
04/17/2017, $27.49, 56958, $27.01, $27.51, $27.01
04/13/2017, $27.06, 52324, $27.15, $27.37, $27
04/12/2017, $27.3, 105352, $27.7, $27.735, $27.29
04/11/2017, $27.74, 142523, $27.03, $27.74, $27.02
04/10/2017, $27.09, 78261, $26.96, $27.45, $26.96
04/07/2017, $26.86, 164667, $26.22, $27.1, $26.06
04/06/2017, $26.32, 125836, $26.28, $26.48, $26.08
04/05/2017, $26.32, 78144, $26.49, $26.61, $26.26
04/04/2017, $26.41, 74702, $26.82, $26.82, $26.29
04/03/2017, $26.76, 69802, $27.04, $27.13, $26.72
03/31/2017, $27.12, 109356, $27, $27.22, $26.95
03/30/2017, $27.04, 79228, $27.08, $27.3, $26.85
03/29/2017, $27.08, 77608, $26.9, $27.2, $26.73
03/28/2017, $26.93, 46019, $26.45, $26.96, $26.28
03/27/2017, $26.6, 78573, $26.71, $26.75, $26.38
03/24/2017, $26.82, 117154, $27.09, $27.33, $26.74
03/23/2017, $27.06, 144807, $26.6, $27.44, $26.6
03/22/2017, $26.6, 64666, $26.48, $26.74, $26.41
03/21/2017, $26.54, 90981, $27.11, $27.26, $26.47
03/20/2017, $27.05, 38338, $27.16, $27.19, $26.86
03/17/2017, $27.06, 92997, $26.7, $27.15, $26.63
03/16/2017, $26.63, 45040, $26.49, $26.66, $26.46
03/15/2017, $26.62, 53290, $26.37, $26.67, $26.36
03/14/2017, $26.31, 77972, $26.37, $26.5, $26.18
03/13/2017, $26.56, 43591, $26.47, $26.62, $26.02
03/10/2017, $26.49, 87236, $26.7, $26.92, $26.4
03/09/2017, $26.32, 99129, $26.17, $27.12, $26.07
03/08/2017, $26.01, 63503, $25.99, $26.1, $25.77
03/07/2017, $25.84, 45605, $25.7, $25.88, $25.55
03/06/2017, $25.83, 42649, $25.68, $25.889, $25.44
03/03/2017, $25.78, 70690, $25.78, $26.065, $25.46
03/02/2017, $25.77, 41788, $25.83, $25.915, $25.6601
03/01/2017, $25.9, 56175, $26.01, $26.3829, $25.86
02/28/2017, $25.77, 124472, $26.42, $26.42, $25.57
02/27/2017, $26.41, 135673, $26.52, $26.59, $26.3
02/24/2017, $26.55, 70404, $26.54, $26.79, $26.54
02/23/2017, $26.76, 43444, $27.13, $27.2, $26.635
02/22/2017, $26.99, 27214, $27.15, $27.41, $26.83
02/21/2017, $27.26, 79544, $26.65, $27.3, $26.65
02/17/2017, $26.52, 69270, $26.6, $26.8, $26.5
02/16/2017, $26.82, 401350, $26.36, $27.98, $26.36
02/15/2017, $27.67, 160962, $27.4, $27.8199, $27.26
02/14/2017, $27.5, 334941, $26.65, $28.28, $26.65
02/13/2017, $26.6, 87384, $26.8, $26.95, $26.2601
02/10/2017, $26.6, 43919, $26.54, $26.79, $26.36
02/09/2017, $26.36, 48590, $26.41, $26.625, $26.29
02/08/2017, $26.4, 53384, $26.36, $26.51, $26.15
02/07/2017, $26.47, 44597, $26.65, $26.89, $26.36
02/06/2017, $26.61, 97928, $26.15, $26.64, $26.15
02/03/2017, $26.47, 53340, $26.18, $26.5, $26.04
02/02/2017, $26.01, 93848, $26, $26.11, $25.55
02/01/2017, $26.07, 160559, $26.11, $26.43, $25.85
01/31/2017, $25.95, 221884, $26.25, $26.25, $25.93
01/30/2017, $26.23, 121682, $26.51, $26.51, $26.18
01/27/2017, $26.52, 64760, $26.6, $26.72, $26.46
01/26/2017, $26.62, 65138, $26.87, $27.01, $26.615
01/25/2017, $26.85, 29021, $26.97, $27.09, $26.81
01/24/2017, $26.89, 52158, $26.76, $27.03, $26.56
01/23/2017, $26.6, 71757, $26.9, $26.96, $26.48
01/20/2017, $26.99, 61936, $26.93, $27.13, $26.93
01/19/2017, $26.96, 62730, $27.2, $27.5, $26.93
01/18/2017, $27.27, 62604, $27.3, $27.37, $27.04
01/17/2017, $27.29, 60936, $27.33, $27.46, $27.06
01/13/2017, $27.38, 176736, $27.18, $27.44, $27.03
01/12/2017, $27.25, 64011, $27.71, $27.71, $27.14
01/11/2017, $27.67, 68483, $27.54, $27.75, $27.06
01/10/2017, $27.51, 110321, $27.44, $27.65, $27.32
01/09/2017, $27.52, 79945, $28.04, $28.24, $27.52
01/06/2017, $28.17, 130218, $28.32, $28.67, $28.06
01/05/2017, $28.28, 93403, $28.45, $28.76, $28
01/04/2017, $28.5, 130129, $28.66, $28.88, $28.2601
01/03/2017, $28.53, 107890, $28.86, $28.86, $28.25
12/30/2016, $28.64, 56056, $28.72, $28.83, $28.46
12/29/2016, $28.77, 44495, $28.7, $28.96, $28.65
12/28/2016, $28.72, 30714, $28.87, $29.1, $28.65
12/27/2016, $28.93, 83039, $28.62, $29.11, $28.62
12/23/2016, $28.69, 29225, $28.82, $29.04, $28.58
12/22/2016, $28.77, 55059, $28.72, $28.85, $28.46
12/21/2016, $28.84, 50942, $28.9, $29.09, $28.84
12/20/2016, $28.91, 79738, $28.88, $29.06, $28.62
12/19/2016, $28.73, 81402, $29, $29.06, $28.56
12/16/2016, $28.86, 335430, $28.75, $28.98, $28.735
12/15/2016, $28.62, 110752, $28.47, $28.81, $28.29
12/14/2016, $28.53, 108811, $28.62, $28.83, $28.325
12/13/2016, $28.66, 95349, $28.8, $28.86, $28.54
12/12/2016, $28.8, 140594, $28.65, $28.84, $28.55
12/09/2016, $28.78, 95695, $28.86, $28.86, $28.6
12/08/2016, $28.78, 79949, $28.59, $28.81, $28.37
12/07/2016, $28.59, 116682, $28.15, $28.84, $28.1245
12/06/2016, $28.18, 189108, $27.78, $28.19, $27.65
12/05/2016, $27.79, 83944, $27.71, $27.95, $27.6
12/02/2016, $27.5, 60494, $27.27, $27.57, $26.95
12/01/2016, $27.29, 111912, $27.14, $27.545, $27.1
11/30/2016, $27.14, 89661, $27.23, $27.63, $27.0089
11/29/2016, $27.37, 60234, $27.6, $27.78, $27.29
11/28/2016, $27.49, 126051, $26.93, $27.62, $26.87
11/25/2016, $26.99, 48781, $26.91, $27.13, $26.91
11/23/2016, $27.02, 146282, $26.75, $27.1, $26.6005
11/22/2016, $26.73, 53312, $26.57, $26.79, $26.5
11/21/2016, $26.5, 48355, $26.5, $26.6, $26.37
11/18/2016, $26.42, 72202, $26.16, $26.44, $25.97
11/17/2016, $26.11, 285614, $25.85, $26.24, $25.73
11/16/2016, $25.81, 180310, $25.77, $25.91, $25.38
11/15/2016, $25.42, 91295, $25.45, $25.59, $25.201
11/14/2016, $25.4, 148580, $25.91, $25.98, $25.38
11/11/2016, $25.54, 242595, $24.39, $25.81, $24.39
11/10/2016, $24.38, 176457, $25, $25.455, $24.25
11/09/2016, $24.89, 170208, $23.95, $24.9, $23.59
11/08/2016, $24.26, 190988, $23.84, $24.41, $23.73
11/07/2016, $23.72, 101732, $23.72, $24.09, $23.58
11/04/2016, $23.48, 98587, $23.57, $23.64, $23.42
11/03/2016, $23.41, 82621, $23.48, $23.86, $23.38
11/02/2016, $23.49, 123995, $23.44, $23.86, $23.4201
11/01/2016, $23.44, 144944, $23.67, $23.84, $23.36
10/31/2016, $23.64, 118669, $23.6, $23.7699, $23.44
10/28/2016, $23.57, 131610, $23.87, $24.25, $23.43
10/27/2016, $24.02, 136744, $24.34, $24.34, $23.86
10/26/2016, $24.17, 185932, $25.25, $25.29, $24.17
10/25/2016, $24.26, 38732, $24.24, $24.37, $24.16
10/24/2016, $24.29, 33201, $24.36, $24.66, $24.2
10/21/2016, $24.21, 172702, $24.18, $24.4, $23.87
10/20/2016, $24.35, 80313, $24.36, $24.5, $24.01
10/19/2016, $24.5, 91566, $23.96, $24.55, $23.79
10/18/2016, $23.92, 59752, $24.04, $24.41, $23.8
10/17/2016, $23.9, 130589, $23.57, $24.16, $23.56
10/14/2016, $23.56, 68333, $23.43, $23.69, $23.27
10/13/2016, $23.38, 47614, $23.34, $23.66, $23.22
10/12/2016, $23.47, 45555, $23.31, $23.57, $23.19
10/11/2016, $23.27, 58656, $23.39, $23.47, $23.11
10/10/2016, $23.47, 37904, $23.37, $23.53, $23.37
10/07/2016, $23.21, 59080, $23.153, $23.35, $23.06
10/06/2016, $23.42, 31026, $23.36, $23.48, $23.29
10/05/2016, $23.46, 29984, $23.59, $23.68, $23.32
10/04/2016, $23.58, 76369, $23.62, $23.76, $23.39
10/03/2016, $23.63, 37663, $23.68, $23.81, $23.545
09/30/2016, $23.65, 131474, $23.74, $23.84, $23.62
09/29/2016, $23.6, 41422, $23.83, $23.85, $23.51
09/28/2016, $23.75, 24263, $23.6, $23.79, $23.5
09/27/2016, $23.64, 40634, $23.55, $23.75, $23.52
09/26/2016, $23.63, 30054, $23.94, $24, $23.47
09/23/2016, $24.05, 56837, $24.13, $24.22, $23.88
09/22/2016, $24.1, 56675, $23.49, $24.18, $23.49
09/21/2016, $23.38, 70925, $23.21, $23.58, $23.025
09/20/2016, $23.07, 35429, $23.17, $23.264, $22.98
09/19/2016, $23.12, 34257, $23.22, $23.27, $22.96
09/16/2016, $23.16, 83309, $22.96, $23.21, $22.96
09/15/2016, $23.01, 43258, $22.7, $23.25, $22.53
09/14/2016, $22.69, 33891, $22.81, $22.88, $22.66
09/13/2016, $22.81, 59871, $22.75, $22.89, $22.53
09/12/2016, $22.85, 109145, $22.9, $22.95, $22.74
09/09/2016, $23.03, 115901, $23.53, $23.53, $23.02
09/08/2016, $23.6, 32717, $23.8, $23.83, $23.55
09/07/2016, $23.85, 143635, $23.69, $23.89, $23.69
09/06/2016, $23.68, 43577, $23.78, $23.79, $23.43
09/02/2016, $23.84, 31333, $23.45, $23.93, $23.41
09/01/2016, $23.42, 49547, $23.45, $23.48, $23.26
08/31/2016, $23.44, 40220, $23.56, $23.65, $23.35
08/30/2016, $23.64, 64525, $23.58, $23.72, $23.49
08/29/2016, $23.44, 38525, $23.49, $23.65, $23.38
08/26/2016, $23.49, 32729, $23.74, $23.91, $23.4
08/25/2016, $23.76, 73898, $23.63, $23.81, $23.4356
08/24/2016, $23.65, 95324, $23.76, $23.79, $23.55
08/23/2016, $23.87, 32438, $23.5701, $23.95, $23.5701
08/22/2016, $23.6, 276381, $23.62, $23.74, $23.5
08/19/2016, $23.72, 204855, $23.73, $23.8, $23.38
08/18/2016, $23.74, 39342, $23.54, $23.8825, $23.54
08/17/2016, $23.63, 55997, $23.74, $23.75, $23.52
08/16/2016, $23.77, 69364, $23.88, $24.09, $23.58
08/15/2016, $23.9, 79144, $23.81, $24.09, $23.67
08/12/2016, $23.75, 94279, $23.32, $23.795, $23.32
08/11/2016, $23.45, 82456, $23.49, $23.71, $23.36
08/10/2016, $23.4, 42724, $23.65, $23.94, $23.3
08/09/2016, $23.55, 65595, $23.99, $24.04, $23.54
08/08/2016, $23.97, 106135, $23.67, $24.12, $23.65
08/05/2016, $23.7, 48308, $23.46, $23.77, $23.46
08/04/2016, $23.32, 49594, $23.51, $23.54, $23.23
08/03/2016, $23.54, 89742, $23.37, $23.6, $23.2782
08/02/2016, $23.37, 58363, $23.64, $23.75, $23.32
08/01/2016, $23.66, 145312, $24.43, $24.43, $23.55
07/29/2016, $24.31, 53826, $24.42, $24.67, $24.29
07/28/2016, $24.48, 150377, $24.29, $24.5, $24.11
07/27/2016, $24.36, 63874, $24.18, $24.53, $24.11
07/26/2016, $24.67, 66189, $24.71, $24.865, $24.5
07/25/2016, $24.67, 33434, $24.78, $24.78, $24.53
07/22/2016, $24.89, 51983, $24.47, $24.97, $24.45
07/21/2016, $24.43, 165625, $24.08, $24.48, $24.08
07/20/2016, $24.19, 36739, $24.18, $24.315, $24.08
07/19/2016, $24.15, 85135, $24.4, $24.44, $24.04
07/18/2016, $24.37, 47741, $24.41, $24.575, $24.19
07/15/2016, $24.32, 94904, $24.44, $24.475, $24.14
07/14/2016, $24.32, 56295, $24.6, $24.7, $24.25
07/13/2016, $24.37, 100144, $24.2, $24.61, $23.81
07/12/2016, $24.16, 55514, $24.38, $24.38, $24.15
07/11/2016, $24.26, 60318, $24.17, $24.34, $24.13
07/08/2016, $24.05, 105301, $23.78, $24.17, $23.64
07/07/2016, $23.66, 162414, $23.46, $23.7, $23.29
07/06/2016, $23.47, 59774, $22.96, $23.52, $22.96
07/05/2016, $23.03, 93099, $23.14, $23.16, $22.95
07/01/2016, $23.28, 51307, $23.63, $23.63, $23.12
06/30/2016, $23.68, 117566, $22.84, $23.71, $22.77
06/29/2016, $22.81, 62721, $22.51, $22.86, $22.51
06/28/2016, $22.27, 79946, $22.19, $22.45, $22.04
06/27/2016, $22.01, 102907, $22.34, $22.385, $21.97
06/24/2016, $22.62, 447374, $22.17, $22.65, $22.11
06/23/2016, $22.85, 53609, $22.65, $22.9, $22.63
06/22/2016, $22.53, 70107, $22.78, $22.78, $22.37
06/21/2016, $22.7, 89171, $22.77, $22.84, $22.4
06/20/2016, $22.48, 40496, $22.53, $22.78, $22.48
06/17/2016, $22.37, 200614, $22.79, $22.8, $22.3
06/16/2016, $22.82, 63279, $22.69, $22.9014, $22.41
06/15/2016, $22.72, 58013, $22.67, $22.96, $22.645
06/14/2016, $22.65, 58792, $22.62, $22.91, $22.58
06/13/2016, $22.68, 50215, $23, $23.06, $22.57
06/10/2016, $23.05, 43569, $23.26, $23.39, $22.95
06/09/2016, $23.3, 43030, $23.38, $23.45, $23.17
06/08/2016, $23.4, 34049, $23.4, $23.54, $23.26
06/07/2016, $23.39, 26048, $23.505, $23.55, $23.27
06/06/2016, $23.46, 37280, $23.35, $23.58, $23.22
06/03/2016, $23.4, 32951, $23.64, $23.73, $23.35
06/02/2016, $23.79, 63416, $23.76, $23.88, $23.67
06/01/2016, $23.65, 61763, $23.4, $23.67, $23.32
05/31/2016, $23.54, 82595, $23.31, $23.74, $23.18
05/27/2016, $23.21, 290528, $22.85, $23.32, $22.85
05/26/2016, $22.9, 59760, $23.06, $23.11, $22.86
05/25/2016, $22.99, 59498, $23.23, $23.385, $22.96
05/24/2016, $23.25, 306955, $23.13, $23.38, $22.68
05/23/2016, $23, 66111, $23.29, $23.34, $22.96
05/20/2016, $23.35, 47219, $23.17, $23.57, $23.08
05/19/2016, $23.11, 67658, $23.25, $23.25, $22.83
05/18/2016, $23.28, 63766, $23.32, $23.44, $23.12
05/17/2016, $23.35, 290413, $23.52, $23.99, $23.26
05/16/2016, $23.58, 80537, $23.5, $23.8, $23.3876
05/13/2016, $23.53, 38400, $23.45, $23.69, $23.39
05/12/2016, $23.56, 72056, $23.5, $23.86, $23.31
05/11/2016, $23.49, 58653, $23.69, $23.78, $23.31
05/10/2016, $23.73, 42625, $23.86, $24.08, $23.66
05/09/2016, $23.84, 94112, $23.63, $23.94, $23.49
05/06/2016, $23.71, 51433, $23.42, $23.82, $23.365
05/05/2016, $23.47, 101201, $23.74, $23.79, $23.47
05/04/2016, $23.65, 86233, $23.64, $24.03, $23.6
05/03/2016, $23.76, 231032, $23.89, $23.94, $23.37
05/02/2016, $24.2, 162040, $24.55, $24.55, $24.01
04/29/2016, $24.43, 63302, $24.73, $24.76, $24.43
04/28/2016, $24.85, 113645, $24.53, $24.88, $24.53
04/27/2016, $24.7, 156037, $24.23, $24.94, $24.23
04/26/2016, $24.31, 363076, $24, $24.6, $23.48
04/25/2016, $23.73, 117471, $23.3, $23.85, $23.1701
04/22/2016, $23.36, 358633, $23, $23.75, $22.74
04/21/2016, $22.21, 57316, $22.11, $22.41, $22.05
04/20/2016, $22.17, 89515, $22.23, $22.46, $21.9755
04/19/2016, $22.32, 65387, $22.24, $22.47, $22.06
04/18/2016, $22.27, 175027, $21.71, $22.27, $21.67
04/15/2016, $21.85, 244815, $22.12, $22.2, $21.7
04/14/2016, $22.24, 37990, $22.35, $22.38, $22.19
04/13/2016, $22.31, 86562, $22.1, $22.39, $21.96
04/12/2016, $22.05, 196817, $21.53, $22.24, $21.32
04/11/2016, $21.54, 131680, $21.63, $21.95, $21.47
04/08/2016, $21.53, 71433, $21.46, $21.5999, $21.335
04/07/2016, $21.38, 55859, $21.45, $21.6699, $21.25
04/06/2016, $21.6, 54575, $21.62, $21.71, $21.36
04/05/2016, $21.66, 113914, $21.76, $21.9199, $21.55
04/04/2016, $21.86, 123121, $21.72, $21.94, $21.45
04/01/2016, $21.7, 85084, $21.52, $21.74, $21.34
03/31/2016, $21.61, 78351, $21.29, $21.72, $21.29
03/30/2016, $21.34, 170665, $21.18, $21.47, $21.11
03/29/2016, $21.16, 132582, $20.73, $21.17, $20.73
03/28/2016, $20.8, 49444, $20.69, $20.9, $20.57
03/24/2016, $20.67, 182959, $20.69, $20.83, $20.4
03/23/2016, $20.76, 65843, $20.78, $20.85, $20.69
03/22/2016, $20.87, 72784, $20.85, $20.96, $20.56
03/21/2016, $21.01, 96882, $20.84, $21.02, $20.55
03/18/2016, $20.97, 134250, $20.61, $21.15, $20.51
03/17/2016, $20.47, 55117, $20.39, $20.6, $20.18
03/16/2016, $20.44, 75847, $20.25, $20.56, $20.25
03/15/2016, $20.35, 108641, $20.54, $20.57, $20.2
03/14/2016, $20.59, 60689, $20.8, $20.83, $20.45
03/11/2016, $20.8, 46086, $20.52, $20.84, $20.47
03/10/2016, $20.41, 56976, $20.74, $20.83, $20.22
03/09/2016, $20.55, 92870, $20.35, $20.62, $20.24
03/08/2016, $20.32, 172150, $20.53, $20.53, $20.2
03/07/2016, $20.57, 113617, $20.74, $20.99, $20.29
03/04/2016, $20.8, 105468, $20.78, $21.01, $20.54
03/03/2016, $20.78, 68701, $20.77, $21.01, $20.51
03/02/2016, $20.83, 106141, $20.56, $20.83, $20.35
03/01/2016, $20.71, 46914, $20.65, $20.71, $20.2701
02/29/2016, $20.61, 75618, $20.58, $20.9, $20.525
02/26/2016, $20.69, 80247, $20.96, $21.218, $20.48
02/25/2016, $20.95, 181196, $20.27, $21.4, $20.27
02/24/2016, $20.08, 228461, $19.8, $20.09, $19.03
02/23/2016, $20.06, 142786, $20.68, $20.88, $20
02/22/2016, $20.83, 84308, $21.21, $21.4797, $20.73
02/19/2016, $21.07, 59152, $20.49, $21.17, $20.42
02/18/2016, $20.56, 238545, $20.87, $21, $20.39
02/17/2016, $20.96, 153017, $20.32, $22.25, $20.32
02/16/2016, $20.6, 122191, $20.64, $20.76, $20.34
02/12/2016, $20.41, 66944, $20.82, $20.82, $20.32
02/11/2016, $20.75, 142616, $20.16, $21, $19.88
02/10/2016, $20.42, 61927, $20.73, $21.08, $20.38
02/09/2016, $20.66, 36912, $20.78, $21.21, $20.54
02/08/2016, $20.9, 77204, $20.73, $21.11, $20.25
02/05/2016, $20.9, 92879, $21.3, $21.44, $20.82
02/04/2016, $21.31, 171835, $21.94, $22.07, $21.2
02/03/2016, $22, 108455, $22.28, $22.28, $21.32
02/02/2016, $22.08, 151030, $22.34, $22.53, $21.91
02/01/2016, $22.48, 94112, $22.31, $22.74, $22.13
01/29/2016, $22.19, 126895, $22.24, $22.43, $22
01/28/2016, $22.08, 57843, $22.04, $22.25, $21.84
01/27/2016, $21.91, 67388, $21.98, $22.32, $21.71
01/26/2016, $21.99, 61570, $21.99, $22.15, $21.83
01/25/2016, $21.99, 71880, $22.08, $22.21, $21.83
01/22/2016, $22.12, 155406, $22.33, $22.52, $21.89
01/21/2016, $22.05, 92842, $22.34, $22.64, $22
01/20/2016, $22.35, 100053, $21.63, $22.51, $21.1301
01/19/2016, $21.94, 61180, $22.45, $22.48, $21.7
01/15/2016, $22.2, 129918, $21.99, $22.43, $21.8201
01/14/2016, $22.5, 76480, $22.35, $22.63, $21.96
01/13/2016, $22.21, 271138, $22.57, $22.76, $21.91
01/12/2016, $22.58, 144395, $22.54, $22.76, $22.1301
01/11/2016, $22.46, 90672, $22.67, $22.81, $22.35
01/08/2016, $22.59, 120962, $22.91, $23.11, $22.42
01/07/2016, $22.82, 75600, $22.96, $23.21, $22.56
01/06/2016, $23.37, 51588, $23.25, $23.45, $23.17
01/05/2016, $23.49, 131089, $23.42, $23.61, $23.07
01/04/2016, $23.43, 93623, $23.85, $23.85, $23.24
12/31/2015, $24.1, 163158, $24.27, $24.5, $23.73
12/30/2015, $24.19, 63002, $24.68, $24.7732, $24
12/29/2015, $24.69, 61884, $24.48, $24.92, $24.16
12/28/2015, $24.27, 58255, $24.36, $24.41, $23.88
12/24/2015, $24.4, 26849, $24.67, $24.85, $24.3
12/23/2015, $24.7, 93360, $24.4, $24.72, $24.35
12/22/2015, $24.32, 57099, $24.29, $24.41, $24.0101
12/21/2015, $24.21, 53618, $24.48, $24.765, $24.08
12/18/2015, $24.37, 233894, $24.24, $24.53, $24.1
12/17/2015, $24.39, 63631, $24.51, $24.81, $24.23
12/16/2015, $24.42, 75074, $24.43, $24.58, $24.11
12/15/2015, $24.34, 86656, $24.38, $24.529, $24.14
12/14/2015, $24.25, 161397, $23.92, $24.54, $23.84
12/11/2015, $23.96, 111576, $24, $24.14, $23.66
12/10/2015, $24.28, 53187, $24.42, $24.63, $24.23
12/09/2015, $24.36, 123213, $24.75, $25, $24.35
12/08/2015, $24.77, 61362, $24.98, $25.1899, $24.73
12/07/2015, $25.23, 82273, $25.59, $25.69, $25.06
12/04/2015, $25.59, 143365, $24.68, $25.78, $24.66
12/03/2015, $24.67, 165207, $25.56, $25.79, $24.63
12/02/2015, $25.56, 202075, $24.84, $25.96, $24.84
12/01/2015, $24.84, 108137, $24.93, $24.93, $24.58
11/30/2015, $24.69, 144609, $24.93, $25.02, $24.65
11/27/2015, $24.79, 85084, $24.96, $25.13, $24.73
11/25/2015, $24.94, 90660, $24.91, $25.17, $24.89
11/24/2015, $24.87, 194926, $24.38, $25.17, $24.125
11/23/2015, $24.5, 278979, $23.97, $24.75, $23.88
11/20/2015, $24.09, 129241, $24.09, $24.37, $23.98
11/19/2015, $23.95, 126825, $24.87, $24.87, $23.87
11/18/2015, $24.88, 201507, $24.32, $24.96, $24.27
11/17/2015, $24.4, 221135, $23.72, $24.51, $23.62
11/16/2015, $23.72, 82348, $23.5, $23.78, $23.23
11/13/2015, $23.62, 115276, $23.04, $23.815, $22.88
11/12/2015, $23.15, 159210, $23.61, $23.63, $23.14
11/11/2015, $23.8, 188818, $23.83, $24.12, $23.5
11/10/2015, $23.45, 239156, $23.35, $23.59, $23.27
11/09/2015, $23.35, 167615, $24.13, $24.13, $23.1
11/06/2015, $24.13, 170591, $23, $24.17, $22.7
11/05/2015, $22.94, 176892, $22.04, $22.96, $21.95
11/04/2015, $21.98, 118266, $21.3, $22.16, $21.01
11/03/2015, $21.46, 186334, $21.55, $21.68, $21.42
11/02/2015, $21.6, 185587, $21.49, $21.75, $21.4
10/30/2015, $21.51, 121130, $21.46, $21.68, $21.25
10/29/2015, $21.54, 126622, $22.03, $22.151, $21.39
10/28/2015, $22.21, 90046, $21.46, $22.27, $21.38
10/27/2015, $21.43, 61489, $21.71, $21.84, $21.27
10/26/2015, $21.85, 48491, $22, $22.06, $21.76
10/23/2015, $21.99, 172245, $21.94, $22.17, $21.645
10/22/2015, $21.83, 92026, $22.12, $22.13, $21.64
10/21/2015, $22.06, 146175, $22.26, $22.32, $21.98
10/20/2015, $22.25, 75277, $21.95, $22.36, $21.88
10/19/2015, $22.03, 80568, $21.78, $22.11, $21.77
10/16/2015, $21.92, 62497, $22.3, $22.37, $21.76
10/15/2015, $22.21, 122758, $22.02, $22.24, $21.4
10/14/2015, $21.99, 152131, $21.87, $22.07, $21.595
10/13/2015, $21.94, 128392, $21.51, $22.192, $21.51
10/12/2015, $21.69, 28817, $21.42, $21.75, $21.41
10/09/2015, $21.46, 79251, $21.26, $21.54, $21.24
10/08/2015, $21.2, 91018, $21.12, $21.24, $21.09
10/07/2015, $21.2, 201553, $21.25, $21.55, $21.05
10/06/2015, $21.23, 142025, $21.74, $21.74, $21.02
10/05/2015, $21.85, 69091, $21.69, $21.93, $21.53
10/02/2015, $21.59, 47601, $21.56, $21.71, $21.3
10/01/2015, $21.65, 53122, $21.65, $21.8, $21.26
09/30/2015, $21.59, 184837, $21, $21.83, $21
09/29/2015, $20.89, 246097, $20.85, $21.29, $20.59
09/28/2015, $20.67, 101419, $20.8, $21, $20.6
09/25/2015, $20.79, 159549, $21.19, $21.425, $20.71
09/24/2015, $21.05, 69666, $21.15, $21.28, $20.98
09/23/2015, $21.21, 191020, $21.42, $21.71, $20.92
09/22/2015, $21.4, 177497, $21.49, $21.66, $21.27
09/21/2015, $21.74, 114437, $21.64, $21.95, $21.42
09/18/2015, $21.62, 188535, $22.03, $22.23, $21.53
09/17/2015, $22.28, 85112, $22.17, $22.7, $22.12
09/16/2015, $22.16, 47173, $22.36, $22.47, $22.1
09/15/2015, $22.27, 42766, $22.45, $22.58, $22.16
09/14/2015, $22.43, 105591, $22.76, $22.8, $22.2
09/11/2015, $22.78, 78073, $22.45, $22.92, $22.27
09/10/2015, $22.61, 30425, $22.63, $22.97, $22.54
09/09/2015, $22.68, 63523, $23.15, $23.15, $22.63
09/08/2015, $23, 86130, $22.92, $23.23, $22.76
09/04/2015, $22.64, 132510, $22.18, $22.81, $22.18
09/03/2015, $22.44, 133938, $22.28, $22.92, $22.2
09/02/2015, $22.19, 260523, $22.22, $22.22, $22
09/01/2015, $21.96, 210685, $22.65, $22.75, $21.875
08/31/2015, $22.95, 217021, $23, $23.62, $22.75
08/28/2015, $23.24, 240996, $22.84, $23.29, $22.68
08/27/2015, $22.96, 614021, $22.31, $22.99, $22.31
08/26/2015, $22.23, 211214, $22.47, $22.84, $21.82
08/25/2015, $22.11, 153473, $22.19, $22.8, $21.99
08/24/2015, $21.71, 233037, $22.43, $22.99, $21.71
08/21/2015, $23.34, 171785, $23.01, $23.75, $23.01
08/20/2015, $23.45, 114224, $23.52, $23.9, $23.43
08/19/2015, $23.54, 85561, $23.59, $24, $23.32
08/18/2015, $23.74, 74439, $23.67, $24.1, $23.33
08/17/2015, $23.8, 96187, $23.31, $24.07, $23.19
08/14/2015, $23.42, 126845, $23.34, $23.8, $23.28
08/13/2015, $23.42, 157319, $23.6, $23.88, $23.3525
08/12/2015, $23.45, 86541, $23.5, $23.73, $23.23
08/11/2015, $23.68, 98689, $23.19, $23.87, $23.16
08/10/2015, $23.34, 168138, $23.07, $23.38, $22.77
08/07/2015, $22.73, 160863, $22.89, $23.59, $22.67
08/06/2015, $22.81, 126691, $22.64, $23.11, $21.97
08/05/2015, $22.65, 594866, $22.9, $23.42, $20.03
08/04/2015, $23.25, 72015, $23.43, $23.43, $23.13
08/03/2015, $23.42, 66049, $24.08, $24.08, $23.295
07/31/2015, $24.03, 59966, $23.71, $24.26, $23.48
07/30/2015, $23.62, 63126, $23.58, $23.81, $23.45
07/29/2015, $23.69, 85895, $23.38, $23.78, $23.24
07/28/2015, $23.37, 51597, $23.72, $23.72, $23.3
07/27/2015, $23.64, 47990, $23.8, $24, $23.51
